id,first_name,last_name,email,gender,ip_address
1,Faith,Keiling,fkeiling0@si.edu,Female,71.243.57.44
2,Gay,Satford,gsatford1@tmall.com,Bigender,179.137.76.24
3,Derick,Duplain,dduplain2@disqus.com,Male,191.228.202.223
4,Tobit,Bront,tbront3@github.com,Male,60.191.133.85
5,Waylen,Leveridge,wleveridge4@whitehouse.gov,Male,10.203.57.148
6,Aubrey,Gambie,agambie5@nydailynews.com,Male,54.225.23.66
7,Audrie,Bratty,abratty6@mac.com,Female,213.208.17.35
8,Flore,Crosthwaite,fcrosthwaite7@domainmarket.com,Female,145.86.226.4
9,Alden,Claibourn,aclaibourn8@hhs.gov,Male,164.47.128.47
10,Bren,Huard,bhuard9@1688.com,Male,31.57.229.137
11,Pietra,Gresley,pgresleya@geocities.jp,Non-binary,71.108.185.91
12,Omar,Djekic,odjekicb@state.tx.us,Male,40.204.230.45
13,Amber,Pulley,apulleyc@telegraph.co.uk,Female,30.187.79.18
14,Fredek,Bruyet,fbruyetd@squarespace.com,Male,221.48.79.142
15,Clarette,Gittus,cgittuse@disqus.com,Female,87.168.70.197
16,Bunnie,Strathe,bstrathef@hugedomains.com,Female,227.166.127.27
17,Enriqueta,Roullier,eroullierg@go.com,Female,198.76.143.109
18,Steffie,Aitken,saitkenh@home.pl,Female,228.142.174.186
19,Gabriela,Nightingale,gnightingalei@slashdot.org,Genderfluid,85.51.61.148
20,Tonia,Brasse,tbrassej@loc.gov,Female,240.65.190.207
21,Clyve,Rice,cricek@forbes.com,Male,11.152.237.43
22,Derril,Palfrey,dpalfreyl@exblog.jp,Male,191.186.172.38
23,Brod,Medforth,bmedforthm@theguardian.com,Male,38.251.42.122
24,Cross,Wyllie,cwyllien@discuz.net,Male,191.33.21.67
25,Kaleena,Jeeks,kjeekso@about.me,Female,18.75.73.110
26,Darline,Clough,dcloughp@ft.com,Female,40.6.229.25
27,Elysia,Scawn,escawnq@example.com,Female,86.32.9.156
28,Guido,Asch,gaschr@wordpress.org,Male,62.90.247.208
29,Alina,Mewitt,amewitts@kickstarter.com,Female,250.205.135.92
30,Kathryne,Pedwell,kpedwellt@umn.edu,Female,79.161.212.40
31,Katleen,Dumbreck,kdumbrecku@narod.ru,Female,130.65.183.181
32,Roddie,Fairhall,rfairhallv@microsoft.com,Male,111.250.122.199
33,Dasya,Dislee,ddisleew@istockphoto.com,Female,132.131.0.188
34,Tore,Thain,tthainx@shop-pro.jp,Male,136.33.133.130
35,Roddy,Swepson,rswepsony@fda.gov,Male,74.242.218.149
36,Lily,McSparran,lmcsparranz@fda.gov,Female,20.222.131.20
37,Evvy,Allsopp,eallsopp10@wix.com,Genderqueer,240.173.15.167
38,Kora,Scolts,kscolts11@jugem.jp,Female,39.53.186.197
39,Patric,Cowburn,pcowburn12@w3.org,Male,182.249.44.117
40,Julee,Edmott,jedmott13@nba.com,Bigender,33.71.138.237
41,Robbert,Gilbey,rgilbey14@cisco.com,Male,255.36.230.160
42,Sim,Kelwaybamber,skelwaybamber15@sfgate.com,Male,77.81.51.19
43,Claudette,Willman,cwillman16@woothemes.com,Female,37.229.124.28
44,Nehemiah,Ricciardiello,nricciardiello17@cnet.com,Male,234.85.233.36
45,Brandais,MacColm,bmaccolm18@princeton.edu,Female,112.100.240.202
46,Vivienne,Waddell,vwaddell19@auda.org.au,Female,152.57.169.255
47,Christa,Jahnel,cjahnel1a@oakley.com,Agender,74.12.242.57
48,Michele,Scroxton,mscroxton1b@about.me,Female,48.167.78.152
49,Sayers,Cartin,scartin1c@sohu.com,Male,192.188.30.220
50,Opaline,Edwins,oedwins1d@reverbnation.com,Female,40.20.103.84
51,Rock,Yardy,ryardy1e@economist.com,Male,242.218.151.45
52,Ranee,Cheston,rcheston1f@deliciousdays.com,Female,134.228.14.233
53,Petrina,Madgin,pmadgin1g@dailymotion.com,Female,95.2.216.18
54,Cherilyn,Isgate,cisgate1h@omniture.com,Female,127.105.208.210
55,Bess,Scrinage,bscrinage1i@geocities.jp,Bigender,48.254.73.22
56,Job,Kincey,jkincey1j@mysql.com,Male,67.85.15.146
57,Elmore,Goudy,egoudy1k@linkedin.com,Male,144.148.46.197
58,Karen,Ferrelli,kferrelli1l@bloomberg.com,Female,67.195.100.90
59,Teddy,Strawbridge,tstrawbridge1m@furl.net,Female,168.0.148.208
60,Charlton,Wiggall,cwiggall1n@va.gov,Male,34.212.184.24
61,Carita,Prescote,cprescote1o@pinterest.com,Female,255.80.116.203
62,Garland,Daddow,gdaddow1p@economist.com,Agender,153.19.80.177
63,Mira,Blencoe,mblencoe1q@tripod.com,Female,215.206.43.210
64,Luke,Kobierra,lkobierra1r@etsy.com,Male,86.247.242.248
65,Ara,Dorr,adorr1s@elpais.com,Male,38.213.54.105
66,Peterus,Hilldrop,philldrop1t@wikia.com,Male,230.73.179.29
67,Gussy,Horley,ghorley1u@nih.gov,Female,18.218.46.135
68,Honoria,Cristea,hcristea1v@issuu.com,Female,216.245.252.185
69,Winny,O'Luney,woluney1w@tumblr.com,Female,148.74.36.159
70,Karry,Labbet,klabbet1x@chicagotribune.com,Female,246.227.46.225
71,Griff,Sreenan,gsreenan1y@earthlink.net,Male,221.64.174.61
72,Skelly,Emanuelov,semanuelov1z@lulu.com,Male,172.133.147.179
73,Leighton,Clapison,lclapison20@nature.com,Male,200.67.40.227
74,Baldwin,Ballay,bballay21@hud.gov,Male,212.49.193.70
75,Hans,McGloughlin,hmcgloughlin22@forbes.com,Genderfluid,97.6.196.151
76,Major,Maydway,mmaydway23@acquirethisname.com,Male,200.222.58.119
77,Chloe,Mantione,cmantione24@dell.com,Female,114.118.158.66
78,Ole,Farrell,ofarrell25@mozilla.org,Male,37.192.189.72
79,Jacintha,Merle,jmerle26@marketwatch.com,Female,80.252.225.49
80,Ellswerth,Sedger,esedger27@tuttocitta.it,Male,153.120.99.53
81,Brent,Jaynes,bjaynes28@indiatimes.com,Male,213.12.49.69
82,Annmaria,Budnik,abudnik29@delicious.com,Female,120.80.70.69
83,Kitty,Barstock,kbarstock2a@istockphoto.com,Female,42.194.77.190
84,Linc,Le Brom,llebrom2b@columbia.edu,Male,246.197.221.231
85,Herb,Mackness,hmackness2c@vkontakte.ru,Male,62.215.82.144
86,Lory,Heartfield,lheartfield2d@unc.edu,Female,214.72.149.228
87,Granny,Harbord,gharbord2e@prweb.com,Male,35.214.71.98
88,Kerwinn,Douce,kdouce2f@parallels.com,Male,204.71.102.52
89,Onfroi,Dray,odray2g@google.com.br,Male,120.155.108.239
90,Rab,Irce,rirce2h@huffingtonpost.com,Male,146.196.28.186
91,Janna,Sambrook,jsambrook2i@goo.gl,Female,180.89.2.41
92,Arabela,Rawcliffe,arawcliffe2j@nyu.edu,Female,89.136.154.206
93,Mar,Grigson,mgrigson2k@typepad.com,Male,35.7.8.126
94,Siouxie,Sloy,ssloy2l@va.gov,Female,132.249.142.92
95,Roarke,Renne,rrenne2m@digg.com,Male,248.7.248.145
96,Cassy,McSperrin,cmcsperrin2n@eventbrite.com,Female,155.230.171.184
97,Maurise,Lewcock,mlewcock2o@china.com.cn,Male,127.142.20.120
98,Elga,Millwater,emillwater2p@usatoday.com,Female,141.218.234.125
99,Winslow,Harman,wharman2q@over-blog.com,Bigender,174.205.121.86
100,Bondon,Nutting,bnutting2r@netscape.com,Male,31.242.64.186
101,Jermayne,Milkins,jmilkins2s@cnn.com,Male,155.183.129.39
102,Odo,Maple,omaple2t@zdnet.com,Male,167.150.249.109
103,Hetti,Knapp,hknapp2u@dailymail.co.uk,Female,115.8.177.117
104,Wilmar,Jaquet,wjaquet2v@wikipedia.org,Male,42.139.11.232
105,Zebulen,Bartaletti,zbartaletti2w@sciencedaily.com,Male,92.92.59.125
106,Joan,Pembridge,jpembridge2x@state.gov,Female,198.155.246.141
107,Gregoire,Rontsch,grontsch2y@xinhuanet.com,Male,97.232.46.60
108,Aldis,Bromby,abromby2z@ameblo.jp,Male,60.147.196.235
109,Wilt,Boumphrey,wboumphrey30@sitemeter.com,Male,22.31.181.207
110,Mickie,McNulty,mmcnulty31@economist.com,Bigender,77.14.4.112
111,Filippa,Dedmam,fdedmam32@chronoengine.com,Female,104.55.190.59
112,Devlen,Touret,dtouret33@cargocollective.com,Male,150.209.242.145
113,Theodor,MacCole,tmaccole34@narod.ru,Male,121.154.75.47
114,Clem,MacPhee,cmacphee35@wikia.com,Female,36.10.43.94
115,Maire,Tefft,mtefft36@home.pl,Female,240.146.67.128
116,Rozanne,Sparhawk,rsparhawk37@rakuten.co.jp,Female,48.31.171.153
117,Darin,Ennew,dennew38@is.gd,Male,11.40.221.105
118,Vicky,Margerrison,vmargerrison39@cnbc.com,Female,77.206.95.59
119,Alayne,Mattedi,amattedi3a@oaic.gov.au,Female,110.195.33.28
120,Mannie,Rutherfoord,mrutherfoord3b@phoca.cz,Male,203.224.8.215
121,Calli,Strowlger,cstrowlger3c@discovery.com,Female,21.189.176.1
122,Putnem,Dufaire,pdufaire3d@sitemeter.com,Male,101.103.163.89
123,Cullen,Negro,cnegro3e@ameblo.jp,Male,29.184.93.5
124,Whitby,Menault,wmenault3f@usa.gov,Male,0.116.85.57
125,Stefanie,Minichi,sminichi3g@issuu.com,Polygender,215.135.141.241
126,Heida,Bastick,hbastick3h@ifeng.com,Genderfluid,178.66.221.192
127,Janifer,Dunning,jdunning3i@facebook.com,Female,54.26.90.109
128,Celinda,Dugmore,cdugmore3j@mapy.cz,Female,94.231.200.191
129,Jacynth,Garatty,jgaratty3k@topsy.com,Female,145.135.140.68
130,Katrinka,Narbett,knarbett3l@washingtonpost.com,Female,19.138.221.9
131,Marion,Digges,mdigges3m@hud.gov,Male,96.101.48.235
132,Freddi,Mourgue,fmourgue3n@noaa.gov,Female,108.21.159.43
133,Meryl,Pentercost,mpentercost3o@home.pl,Male,57.179.204.134
134,Tore,Wands,twands3p@irs.gov,Male,187.246.224.74
135,Emilee,Yushmanov,eyushmanov3q@infoseek.co.jp,Female,126.84.172.160
136,Eirena,Dudlestone,edudlestone3r@usatoday.com,Female,54.112.186.125
137,Tess,Brenton,tbrenton3s@soup.io,Female,228.19.98.244
138,Merle,Smuth,msmuth3t@squarespace.com,Male,77.89.93.243
139,Ashley,Tassaker,atassaker3u@over-blog.com,Female,1.240.159.45
140,Les,Benneton,lbenneton3v@nba.com,Male,74.98.241.48
141,Sidney,Tomasz,stomasz3w@jigsy.com,Male,20.60.64.80
142,Hervey,Pickover,hpickover3x@howstuffworks.com,Male,189.199.185.244
143,Laure,Vanelli,lvanelli3y@dagondesign.com,Female,32.70.49.238
144,Bond,Beake,bbeake3z@simplemachines.org,Male,139.178.12.253
145,Nonie,Davidovsky,ndavidovsky40@apache.org,Female,153.250.220.80
146,Sollie,Aslie,saslie41@ocn.ne.jp,Male,200.1.231.56
147,Erhard,Clemenzi,eclemenzi42@webmd.com,Male,4.61.77.174
148,Agatha,Okroy,aokroy43@tamu.edu,Female,24.23.160.253
149,Curr,Rickaby,crickaby44@over-blog.com,Bigender,203.70.115.71
150,Harli,Lorentzen,hlorentzen45@nyu.edu,Female,254.182.219.205
151,Georgianne,Dallison,gdallison46@bbc.co.uk,Non-binary,104.219.180.129
152,Diahann,Denk,ddenk47@bravesites.com,Female,103.45.119.15
153,Dionne,Brimming,dbrimming48@4shared.com,Female,14.111.3.254
154,Oswell,Sirrell,osirrell49@nyu.edu,Male,112.122.102.109
155,Edy,Gianilli,egianilli4a@ca.gov,Female,130.182.168.50
156,Gunter,Sandry,gsandry4b@sogou.com,Male,215.237.192.2
157,Boris,Snaddon,bsnaddon4c@homestead.com,Male,207.247.207.231
158,Ally,Sustin,asustin4d@php.net,Female,228.21.3.237
159,Deeanne,Johnys,djohnys4e@tumblr.com,Bigender,251.251.68.214
160,Antonia,Kershow,akershow4f@barnesandnoble.com,Female,172.80.241.233
161,Sharyl,Rambaut,srambaut4g@hostgator.com,Female,64.167.105.253
162,Desiri,Hattoe,dhattoe4h@e-recht24.de,Polygender,7.238.186.202
163,Mata,O' Quirk,moquirk4i@gmpg.org,Male,40.103.26.35
164,Janetta,Coverly,jcoverly4j@wisc.edu,Female,177.200.1.25
165,Silvain,Springle,sspringle4k@163.com,Male,197.133.246.253
166,Blondie,Gibbens,bgibbens4l@infoseek.co.jp,Female,204.31.131.0
167,Bearnard,Bene,bbene4m@example.com,Male,96.59.26.164
168,Betsey,Lees,blees4n@dot.gov,Female,166.199.32.167
169,Noami,Heiss,nheiss4o@japanpost.jp,Female,44.1.51.71
170,Nora,Filipic,nfilipic4p@elegantthemes.com,Female,5.128.157.96
171,Corinne,Lelande,clelande4q@icio.us,Female,185.203.155.231
172,Tadeo,Da Costa,tdacosta4r@epa.gov,Bigender,72.13.81.108
173,Vilhelmina,Ferriday,vferriday4s@scribd.com,Genderfluid,50.54.37.42
174,Gusella,Yakobovitz,gyakobovitz4t@domainmarket.com,Female,170.159.203.210
175,Adlai,Cosker,acosker4u@twitpic.com,Male,9.105.19.164
176,Verna,Fautly,vfautly4v@intel.com,Female,110.106.80.38
177,Harlan,Widdowson,hwiddowson4w@admin.ch,Male,168.16.19.26
178,Fiann,Woakes,fwoakes4x@google.ru,Female,130.67.86.228
179,Vanya,Mumbey,vmumbey4y@a8.net,Female,101.110.52.204
180,Eveleen,Taber,etaber4z@ft.com,Female,163.220.21.187
181,Eberhard,Lortzing,elortzing50@cbc.ca,Male,20.61.234.242
182,Charin,Twopenny,ctwopenny51@ycombinator.com,Female,13.176.91.166
183,Aileen,Gabbatt,agabbatt52@redcross.org,Female,135.141.182.201
184,Halli,Mila,hmila53@ycombinator.com,Female,207.10.245.241
185,Arlen,Biglin,abiglin54@a8.net,Male,211.139.49.144
186,Emmy,Imison,eimison55@foxnews.com,Female,206.168.4.203
187,Ewan,Giorgielli,egiorgielli56@flavors.me,Male,74.32.80.63
188,Gerardo,Beumant,gbeumant57@chronoengine.com,Male,41.1.230.197
189,Lela,Boards,lboards58@typepad.com,Female,104.221.34.57
190,Mead,Michurin,mmichurin59@census.gov,Female,68.103.245.233
191,Dion,Rama,drama5a@delicious.com,Female,158.47.44.224
192,Richy,Kirkness,rkirkness5b@reverbnation.com,Male,164.226.242.188
193,Holden,Pelham,hpelham5c@engadget.com,Male,12.12.156.120
194,Rosamond,Plenderleith,rplenderleith5d@businessweek.com,Female,172.191.143.186
195,Rosabelle,Gowry,rgowry5e@hibu.com,Female,117.15.133.162
196,Kasper,Gollard,kgollard5f@fc2.com,Male,181.32.20.226
197,Jsandye,Quantick,jquantick5g@dion.ne.jp,Female,85.222.142.65
198,Corilla,Switland,cswitland5h@google.ru,Female,112.129.53.98
199,Holly,Hadfield,hhadfield5i@t.co,Genderfluid,94.75.189.190
200,Ketti,Letterese,kletterese5j@slashdot.org,Female,204.110.225.2
201,Tye,Kikke,tkikke5k@hc360.com,Male,106.68.180.255
202,Kirbee,Eyrl,keyrl5l@1und1.de,Female,127.144.22.175
203,Langston,Reicharz,lreicharz5m@wired.com,Male,186.223.72.147
204,Ron,Critch,rcritch5n@360.cn,Male,175.201.194.208
205,Jenelle,Mompesson,jmompesson5o@weibo.com,Female,118.41.100.63
206,Andie,Staddart,astaddart5p@angelfire.com,Male,52.147.185.32
207,Sorcha,Tendahl,stendahl5q@prnewswire.com,Agender,205.96.137.216
208,Blayne,Cherry,bcherry5r@sciencedirect.com,Male,55.15.208.93
209,Miner,Ismirnioglou,mismirnioglou5s@photobucket.com,Male,203.9.220.116
210,Violet,Divall,vdivall5t@nps.gov,Female,60.104.226.239
211,Vina,Aldrick,valdrick5u@cocolog-nifty.com,Female,246.21.189.191
212,Burk,Shuttle,bshuttle5v@merriam-webster.com,Male,102.166.198.128
213,Shelden,Carleton,scarleton5w@tiny.cc,Male,247.79.38.120
214,Jenni,Heyfield,jheyfield5x@sun.com,Female,21.244.124.124
215,Sampson,Dymond,sdymond5y@prnewswire.com,Male,178.4.231.35
216,Madel,MacAleese,mmacaleese5z@etsy.com,Female,203.48.254.82
217,Cesare,Hauxby,chauxby60@fda.gov,Male,215.139.223.213
218,Wilma,Plaschke,wplaschke61@prlog.org,Agender,250.122.94.3
219,Thorvald,Hamblington,thamblington62@kickstarter.com,Male,75.114.225.52
220,Desmond,O'Roan,doroan63@time.com,Male,243.131.213.248
221,Sileas,Boultwood,sboultwood64@cocolog-nifty.com,Female,27.231.108.107
222,Tiler,Stovell,tstovell65@apache.org,Male,97.170.239.219
223,Timothy,Dronsfield,tdronsfield66@chron.com,Male,129.66.152.133
224,Valerye,Hollidge,vhollidge67@about.me,Female,198.52.251.111
225,Upton,Dameisele,udameisele68@skype.com,Male,158.7.135.135
226,Ardelia,Crennan,acrennan69@foxnews.com,Female,110.66.178.84
227,Natty,Offen,noffen6a@blinklist.com,Male,230.192.142.180
228,Gardiner,Sapsford,gsapsford6b@reference.com,Male,60.13.228.118
229,Zachariah,Kolodziej,zkolodziej6c@umn.edu,Male,188.29.80.76
230,Inglebert,Rambadt,irambadt6d@wordpress.org,Male,213.83.255.173
231,Elsbeth,Tapson,etapson6e@bravesites.com,Female,148.9.212.166
232,Scotti,Stubbs,sstubbs6f@webnode.com,Male,63.15.15.248
233,Aurelia,Macauley,amacauley6g@wsj.com,Female,23.100.174.130
234,Cal,Scudders,cscudders6h@elegantthemes.com,Female,160.220.147.92
235,Basilio,Cossey,bcossey6i@plala.or.jp,Male,197.133.156.225
236,Kissie,Alans,kalans6j@google.ru,Female,87.75.52.120
237,Preston,Sancias,psancias6k@ifeng.com,Male,115.192.220.187
238,Bevon,Statham,bstatham6l@wordpress.com,Male,218.41.46.199
239,Thalia,Ellif,tellif6m@gov.uk,Female,87.145.161.190
240,Eduino,Tweedell,etweedell6n@ibm.com,Male,90.176.174.167
241,Malorie,Gyver,mgyver6o@usatoday.com,Female,226.122.196.197
242,Devonne,Vignaux,dvignaux6p@yelp.com,Female,253.65.230.1
243,Stirling,Shrubb,sshrubb6q@blogs.com,Male,34.92.81.94
244,Zenia,Gabala,zgabala6r@bandcamp.com,Female,96.158.184.132
245,Jilly,Oxenham,joxenham6s@freewebs.com,Female,37.51.78.82
246,Cord,Blick,cblick6t@pbs.org,Agender,45.184.27.19
247,Solomon,Eyrl,seyrl6u@infoseek.co.jp,Male,132.198.197.79
248,Beauregard,Leadston,bleadston6v@mit.edu,Male,101.174.138.142
249,Christian,Estick,cestick6w@wp.com,Male,134.145.114.32
250,Maitilde,Santostefano.,msantostefano6x@xinhuanet.com,Female,63.22.219.194
251,Evvy,Sailer,esailer6y@mlb.com,Female,190.221.142.6
252,Arabelle,Phelipeau,aphelipeau6z@ovh.net,Female,62.46.198.152
253,Morley,De Hooch,mdehooch70@npr.org,Male,128.113.90.198
254,Peggie,Burgwyn,pburgwyn71@devhub.com,Female,134.42.68.18
255,Doreen,McDiarmid,dmcdiarmid72@wix.com,Female,162.146.93.183
256,Ketty,Halfhead,khalfhead73@netlog.com,Female,219.48.60.204
257,Bernarr,Breznovic,bbreznovic74@histats.com,Male,194.123.128.81
258,Julieta,Puttan,jputtan75@123-reg.co.uk,Female,97.74.133.165
259,Curr,Kittel,ckittel76@oracle.com,Male,57.124.99.137
260,Elton,Buss,ebuss77@cisco.com,Male,108.37.119.67
261,Lance,Mabbot,lmabbot78@51.la,Male,8.94.0.145
262,Shara,Ridhole,sridhole79@slideshare.net,Female,86.160.77.2
263,Kaitlyn,Boldock,kboldock7a@virginia.edu,Bigender,83.151.34.239
264,Dolph,Durbyn,ddurbyn7b@instagram.com,Male,185.136.100.194
265,Lothario,Cokely,lcokely7c@nhs.uk,Male,124.23.205.183
266,Elenore,O' Markey,eomarkey7d@github.io,Female,199.230.197.117
267,Junia,Pownall,jpownall7e@purevolume.com,Female,128.64.110.153
268,Sonnie,Mazin,smazin7f@cloudflare.com,Male,226.20.224.26
269,Illa,Ebbs,iebbs7g@issuu.com,Female,10.244.189.13
270,Elton,Hyde,ehyde7h@goodreads.com,Male,227.156.32.173
271,Brit,Beswick,bbeswick7i@admin.ch,Male,97.205.62.116
272,Chandra,Avrahamy,cavrahamy7j@cnbc.com,Polygender,142.74.71.94
273,Marris,Harm,mharm7k@1688.com,Female,184.231.207.13
274,Sunshine,Noquet,snoquet7l@google.com,Female,58.183.46.195
275,Miran,Laphorn,mlaphorn7m@theglobeandmail.com,Female,21.100.121.253
276,Tedman,Oggers,toggers7n@wikispaces.com,Male,225.214.8.212
277,Normand,MacAindreis,nmacaindreis7o@webeden.co.uk,Male,26.39.253.173
278,Loy,Carman,lcarman7p@constantcontact.com,Male,26.138.24.181
279,Laure,Wavish,lwavish7q@state.gov,Female,205.212.91.222
280,Pru,Perone,pperone7r@oaic.gov.au,Female,30.146.64.226
281,Dot,Kesterton,dkesterton7s@cpanel.net,Female,174.201.96.109
282,Erin,Juster,ejuster7t@cocolog-nifty.com,Male,157.25.193.45
283,Linn,Michiel,lmichiel7u@mashable.com,Male,72.215.31.77
284,Kimmi,Axtell,kaxtell7v@samsung.com,Female,215.150.112.36
285,Gary,MacGown,gmacgown7w@army.mil,Agender,254.191.139.166
286,Peadar,Rollingson,prollingson7x@lulu.com,Non-binary,108.209.255.163
287,Mort,Noor,mnoor7y@godaddy.com,Male,118.44.173.3
288,Gilly,Fines,gfines7z@cbc.ca,Female,142.103.189.204
289,Arvy,Easeman,aeaseman80@hao123.com,Male,45.233.83.199
290,Felix,Elmes,felmes81@vk.com,Male,234.107.147.76
291,Bettine,Ferbrache,bferbrache82@cnbc.com,Female,55.226.91.39
292,Scarface,Smewing,ssmewing83@admin.ch,Male,124.108.21.210
293,Roobbie,Olivella,rolivella84@engadget.com,Female,83.74.112.158
294,Clair,Carlet,ccarlet85@studiopress.com,Male,177.28.12.8
295,Marybeth,Rampley,mrampley86@indiatimes.com,Female,30.123.101.109
296,Hasty,Bassick,hbassick87@pagesperso-orange.fr,Male,39.103.114.172
297,Sammie,De Carlo,sdecarlo88@usatoday.com,Male,41.7.26.102
298,Saxe,Clinkard,sclinkard89@yellowpages.com,Male,151.200.138.39
299,Carmelle,Adamsson,cadamsson8a@ca.gov,Female,13.241.2.36
300,Madalena,Hightown,mhightown8b@surveymonkey.com,Female,35.246.71.101
301,Alaric,Keynes,akeynes8c@github.com,Male,4.80.62.225
302,Eadith,Matthiae,ematthiae8d@reuters.com,Female,124.21.26.161
303,Gasper,Hulburt,ghulburt8e@1688.com,Male,20.133.101.70
304,Roscoe,Stair,rstair8f@walmart.com,Male,208.137.159.145
305,Drusy,Oliva,doliva8g@flavors.me,Female,155.167.37.27
306,Alfreda,Woodfine,awoodfine8h@networksolutions.com,Female,131.22.57.92
307,Raimund,Barbery,rbarbery8i@wikispaces.com,Male,43.247.170.202
308,Valentijn,Menco,vmenco8j@hostgator.com,Agender,169.119.114.6
309,Ulysses,Flanaghan,uflanaghan8k@biblegateway.com,Male,236.147.1.218
310,Terri,Loughren,tloughren8l@answers.com,Female,157.118.107.162
311,Wally,MacCarter,wmaccarter8m@symantec.com,Female,69.169.44.244
312,Elnar,Chasier,echasier8n@gizmodo.com,Male,217.221.222.132
313,Kittie,McParland,kmcparland8o@utexas.edu,Female,167.59.165.131
314,Marchelle,Kollatsch,mkollatsch8p@msu.edu,Female,225.81.35.93
315,Constantina,Crimmins,ccrimmins8q@mac.com,Female,146.13.175.171
316,Hugibert,Ryburn,hryburn8r@ow.ly,Male,193.111.108.239
317,Natty,Ondra,nondra8s@soundcloud.com,Female,130.172.206.7
318,Rosella,Pieter,rpieter8t@msn.com,Female,226.243.247.27
319,Kirbie,Pudding,kpudding8u@foxnews.com,Female,159.17.75.20
320,Catherina,Izchaki,cizchaki8v@creativecommons.org,Genderfluid,114.111.180.68
321,Clari,Dansken,cdansken8w@flavors.me,Female,131.131.208.242
322,Nickolai,Morsley,nmorsley8x@vimeo.com,Male,29.11.232.113
323,Nessy,Kidde,nkidde8y@japanpost.jp,Female,21.133.0.196
324,Correna,Jojic,cjojic8z@wikipedia.org,Female,51.69.101.192
325,Xavier,Westmoreland,xwestmoreland90@webs.com,Agender,43.62.218.72
326,Bethanne,Knappett,bknappett91@webs.com,Female,92.167.19.230
327,Wald,Tyers,wtyers92@utexas.edu,Male,196.22.196.86
328,Westbrooke,Olliver,wolliver93@microsoft.com,Male,212.23.116.75
329,Essy,Bisatt,ebisatt94@princeton.edu,Female,147.173.28.58
330,Ailey,Caughey,acaughey95@bravesites.com,Female,189.113.12.89
331,Mollee,Sells,msells96@bluehost.com,Female,200.217.44.157
332,Delinda,Vooght,dvooght97@geocities.com,Female,164.72.36.196
333,Culley,Bouskill,cbouskill98@nasa.gov,Male,178.205.182.209
334,Austin,Strachan,astrachan99@hud.gov,Male,50.53.215.53
335,Kristos,Mioni,kmioni9a@webnode.com,Male,216.237.138.199
336,Mordecai,Wegner,mwegner9b@liveinternet.ru,Male,79.184.62.237
337,Gipsy,Ebbens,gebbens9c@devhub.com,Female,177.132.138.255
338,Felicdad,Slocum,fslocum9d@samsung.com,Female,108.107.161.110
339,Cirstoforo,Sagg,csagg9e@lulu.com,Male,11.116.83.178
340,Dur,Lowry,dlowry9f@123-reg.co.uk,Male,185.212.40.113
341,Felic,Ciardo,fciardo9g@odnoklassniki.ru,Male,175.23.83.173
342,Zonnya,Branthwaite,zbranthwaite9h@utexas.edu,Female,66.34.16.42
343,Katha,Johannes,kjohannes9i@telegraph.co.uk,Agender,28.113.59.166
344,Lemar,Branche,lbranche9j@clickbank.net,Male,22.242.70.17
345,Nolan,Levene,nlevene9k@vistaprint.com,Polygender,183.199.8.217
346,Ella,Oldman,eoldman9l@guardian.co.uk,Polygender,144.72.99.90
347,Zita,Pettigree,zpettigree9m@latimes.com,Female,127.62.150.13
348,Maison,Crampin,mcrampin9n@reference.com,Male,169.173.202.50
349,Palmer,Hayland,phayland9o@ask.com,Male,79.5.123.26
350,Colman,Lamminam,clamminam9p@tuttocitta.it,Male,74.23.21.39
351,Conroy,Cattrall,ccattrall9q@google.ca,Male,38.233.147.249
352,Iseabal,Parcell,iparcell9r@delicious.com,Female,128.8.72.214
353,Shadow,Assante,sassante9s@mlb.com,Male,50.41.244.178
354,Nial,Seczyk,nseczyk9t@house.gov,Male,229.144.78.27
355,Merrill,Giddons,mgiddons9u@msn.com,Male,219.137.214.17
356,Gwendolen,Farebrother,gfarebrother9v@dyndns.org,Female,5.190.56.170
357,Jaquenette,Gallen,jgallen9w@cnet.com,Female,156.195.219.76
358,Trefor,Boyett,tboyett9x@phoca.cz,Male,40.186.234.82
359,Patrizia,Jaskiewicz,pjaskiewicz9y@desdev.cn,Female,249.128.50.245
360,Mel,Melling,mmelling9z@barnesandnoble.com,Male,36.19.176.28
361,Christiane,Pilpovic,cpilpovica0@examiner.com,Female,238.201.233.231
362,Gabie,Power,gpowera1@businessinsider.com,Male,242.83.168.48
363,Humfrey,Burne,hburnea2@marketwatch.com,Male,214.53.97.174
364,Rufus,Cicchinelli,rcicchinellia3@indiatimes.com,Male,215.111.202.33
365,Harris,Madsen,hmadsena4@ebay.com,Male,243.172.168.17
366,Waylan,MacNeilage,wmacneilagea5@lycos.com,Male,114.19.117.167
367,Brett,Limming,blimminga6@issuu.com,Non-binary,86.222.250.64
368,Fairfax,Brockman,fbrockmana7@ted.com,Male,141.11.149.98
369,Obie,Zanni,ozannia8@indiegogo.com,Male,17.28.120.99
370,Wallie,Shepard,wsheparda9@tmall.com,Male,125.15.8.83
371,Reggy,Limer,rlimeraa@fema.gov,Male,237.129.88.182
372,Devin,Dudny,ddudnyab@who.int,Female,160.147.218.224
373,Shane,A'field,safieldac@goodreads.com,Male,39.19.194.3
374,Marmaduke,Otson,motsonad@loc.gov,Male,4.251.194.74
375,Christine,Farlambe,cfarlambeae@unblog.fr,Female,5.200.130.89
376,Ralf,Cowles,rcowlesaf@bravesites.com,Male,27.118.75.240
377,Malachi,Fragino,mfraginoag@google.es,Male,31.161.190.79
378,Carey,Raffon,craffonah@google.it,Male,235.207.201.63
379,Analiese,MacMearty,amacmeartyai@multiply.com,Female,127.228.240.61
380,Constancia,Mewis,cmewisaj@google.com,Female,244.79.192.247
381,Gaile,Keller,gkellerak@google.co.jp,Male,81.125.210.30
382,Micah,Laven,mlavenal@livejournal.com,Male,74.24.15.136
383,Marney,Pachta,mpachtaam@thetimes.co.uk,Female,160.158.250.231
384,Del,Callan,dcallanan@umich.edu,Genderfluid,181.185.44.90
385,Amelie,Degli Abbati,adegliabbatiao@printfriendly.com,Genderqueer,194.176.102.167
386,Dur,Withull,dwithullap@weebly.com,Male,221.104.23.255
387,Benjie,Coen,bcoenaq@paypal.com,Male,177.21.154.42
388,Staffard,Kestin,skestinar@hao123.com,Male,243.92.46.173
389,Norina,Episcopio,nepiscopioas@wikia.com,Female,215.119.111.6
390,Ronica,Skitt,rskittat@unblog.fr,Genderfluid,153.224.153.132
391,Rafael,Bewlie,rbewlieau@tamu.edu,Male,107.183.146.18
392,Thedric,Aubert,taubertav@tinyurl.com,Male,135.197.78.131
393,Julie,McKiernan,jmckiernanaw@phoca.cz,Male,91.158.37.18
394,Hortense,Karleman,hkarlemanax@taobao.com,Female,222.219.53.178
395,Peyter,Melby,pmelbyay@nymag.com,Male,33.143.213.158
396,Sim,Stoney,sstoneyaz@people.com.cn,Male,251.189.46.137
397,Alla,Laird,alairdb0@irs.gov,Female,119.137.59.25
398,Benni,Rappoport,brappoportb1@wix.com,Female,54.150.163.86
399,Georg,Gillings,ggillingsb2@google.co.uk,Male,63.165.164.7
400,Jeno,McLese,jmcleseb3@cnet.com,Male,65.124.206.205
401,Harlan,Broadway,hbroadwayb4@narod.ru,Male,248.49.55.207
402,Benjamin,MacAne,bmacaneb5@vimeo.com,Male,201.124.255.131
403,Cornelius,Hugonnet,chugonnetb6@yelp.com,Male,130.5.254.102
404,Cally,Towlson,ctowlsonb7@mlb.com,Female,228.5.162.24
405,Aubrie,McMoyer,amcmoyerb8@tuttocitta.it,Polygender,229.177.35.91
406,Emmeline,Jaycock,ejaycockb9@google.com.hk,Female,24.5.42.220
407,Glennie,Harrinson,gharrinsonba@amazon.co.uk,Female,123.241.113.249
408,Kris,Rolfo,krolfobb@theglobeandmail.com,Male,233.189.178.94
409,Kristopher,Lorraine,klorrainebc@weebly.com,Male,22.118.80.128
410,Arty,Bathow,abathowbd@blinklist.com,Male,68.190.103.157
411,Samuel,Rolfs,srolfsbe@house.gov,Male,125.24.2.113
412,Janine,Rewbottom,jrewbottombf@behance.net,Female,71.64.234.145
413,Elston,Choudhury,echoudhurybg@shinystat.com,Male,101.11.212.92
414,Kariotta,Novkovic,knovkovicbh@bloglines.com,Female,103.165.185.24
415,Zandra,Spurling,zspurlingbi@uiuc.edu,Female,105.216.102.123
416,Bunni,Mowle,bmowlebj@creativecommons.org,Female,56.78.11.209
417,Bethany,MacGuiness,bmacguinessbk@so-net.ne.jp,Female,29.125.213.205
418,Jerad,Cettell,jcettellbl@google.com.br,Male,80.174.236.235
419,Giustino,Doone,gdoonebm@cdc.gov,Male,26.239.46.188
420,Herbie,William,hwilliambn@imgur.com,Genderqueer,225.128.232.192
421,Teirtza,Hemeret,themeretbo@stanford.edu,Female,201.129.44.37
422,Amber,Yashanov,ayashanovbp@chron.com,Female,53.2.72.133
423,Krystal,Trowell,ktrowellbq@dagondesign.com,Female,224.235.150.168
424,Nealon,Giriardelli,ngiriardellibr@npr.org,Male,42.243.96.132
425,Zebadiah,Dugmore,zdugmorebs@businesswire.com,Male,125.149.133.72
426,Hernando,Cuttelar,hcuttelarbt@histats.com,Non-binary,32.66.221.209
427,Christopher,Blaisdale,cblaisdalebu@google.cn,Male,175.20.8.54
428,Christel,Arnett,carnettbv@nhs.uk,Female,226.160.203.174
429,Simonne,Louiset,slouisetbw@weather.com,Female,97.6.242.73
430,Anetta,Jonuzi,ajonuzibx@g.co,Female,80.22.240.124
431,Shauna,Nibley,snibleyby@sfgate.com,Female,86.143.82.14
432,Lothaire,Oliva,lolivabz@senate.gov,Male,227.79.26.201
433,Esra,de Voiels,edevoielsc0@wordpress.org,Male,127.42.88.41
434,Enrichetta,Carder,ecarderc1@ask.com,Female,251.230.150.96
435,Michale,Vannuccinii,mvannucciniic2@icq.com,Male,46.140.181.141
436,Nanine,Goare,ngoarec3@example.com,Female,249.52.17.227
437,Phillipe,Iddins,piddinsc4@pinterest.com,Male,177.240.96.157
438,Jarad,Girardeau,jgirardeauc5@acquirethisname.com,Male,41.249.202.57
439,Sela,Chesman,schesmanc6@posterous.com,Female,27.177.31.49
440,Randy,Skinn,rskinnc7@sbwire.com,Agender,35.168.89.210
441,Aguie,Robbings,arobbingsc8@usda.gov,Male,196.239.247.137
442,Warner,Blackett,wblackettc9@usnews.com,Male,137.172.136.105
443,Jedediah,Brasener,jbrasenerca@clickbank.net,Male,202.122.86.165
444,Decca,Di Giacomo,ddigiacomocb@miibeian.gov.cn,Male,210.103.101.60
445,Raddie,Rowlett,rrowlettcc@thetimes.co.uk,Male,220.27.160.172
446,Cort,Hollyman,chollymancd@shinystat.com,Bigender,63.158.242.97
447,Malvin,Cottel,mcottelce@pcworld.com,Male,81.107.254.142
448,Wileen,Kennea,wkenneacf@seattletimes.com,Female,238.142.101.190
449,Cassandre,Marieton,cmarietoncg@chronoengine.com,Female,131.3.164.201
450,Celestyn,Tallet,ctalletch@adobe.com,Female,7.3.62.111
451,Verge,Delcastel,vdelcastelci@meetup.com,Male,80.128.203.110
452,Bobby,Forsey,bforseycj@tiny.cc,Male,5.54.14.139
453,Garreth,Pieterick,gpieterickck@networkadvertising.org,Male,9.254.117.243
454,Gunilla,Bruff,gbruffcl@360.cn,Female,118.253.217.60
455,Blanch,Leeuwerink,bleeuwerinkcm@wikimedia.org,Female,45.39.199.102
456,Eddie,Pimme,epimmecn@blogger.com,Male,204.38.136.129
457,Andrus,Birks,abirksco@uiuc.edu,Male,134.149.115.171
458,Dasi,Wakes,dwakescp@dropbox.com,Female,34.182.87.157
459,Thaine,McLurg,tmclurgcq@tamu.edu,Male,26.128.20.81
460,Karyl,Ebdon,kebdoncr@princeton.edu,Female,7.60.221.248
461,Mateo,Dallander,mdallandercs@1688.com,Male,189.95.20.234
462,Olivero,Gedge,ogedgect@tiny.cc,Genderqueer,172.190.116.19
463,Melessa,Rysdale,mrysdalecu@utexas.edu,Female,134.97.146.25
464,Alan,Blueman,abluemancv@g.co,Genderfluid,96.46.144.91
465,Calypso,Peake,cpeakecw@altervista.org,Female,114.104.246.151
466,Brier,Jouanny,bjouannycx@moonfruit.com,Agender,53.189.186.109
467,Laney,Kurtis,lkurtiscy@acquirethisname.com,Female,34.207.111.197
468,Crichton,Baugham,cbaughamcz@wsj.com,Male,73.126.22.82
469,Lanie,Hancke,lhancked0@feedburner.com,Male,118.50.123.60
470,Wyndham,Liversidge,wliversidged1@desdev.cn,Male,54.107.235.146
471,Helaine,Grinnov,hgrinnovd2@addtoany.com,Female,172.193.118.117
472,Yank,Beaven,ybeavend3@blogs.com,Agender,94.210.53.197
473,Terry,Burnell,tburnelld4@time.com,Male,165.66.165.21
474,Eda,Gendrich,egendrichd5@livejournal.com,Female,156.210.167.99
475,Asia,Rayner,araynerd6@xing.com,Female,104.149.219.35
476,Cindra,Marriott,cmarriottd7@facebook.com,Non-binary,39.22.2.168
477,Dermot,Goward,dgowardd8@alexa.com,Male,193.51.143.44
478,Lester,Hull,lhulld9@nsw.gov.au,Male,56.243.47.153
479,Farica,Yakushkev,fyakushkevda@multiply.com,Female,74.28.94.68
480,Taryn,Stelfox,tstelfoxdb@berkeley.edu,Female,125.136.121.103
481,Andy,Jewel,ajeweldc@jugem.jp,Male,21.130.9.253
482,Cyndi,Joincey,cjoinceydd@adobe.com,Female,3.205.11.194
483,Brockie,Chuney,bchuneyde@dyndns.org,Male,215.224.137.90
484,Corny,Whitely,cwhitelydf@mozilla.org,Female,149.221.143.83
485,Ruthie,Risbrough,rrisbroughdg@squarespace.com,Female,174.190.192.237
486,Ardelis,Meadley,ameadleydh@wikispaces.com,Female,85.199.16.82
487,Jerrome,Slimon,jslimondi@paypal.com,Male,25.243.6.97
488,Linette,Heersma,lheersmadj@networkadvertising.org,Genderfluid,94.213.32.180
489,Tessi,Portress,tportressdk@chicagotribune.com,Female,7.160.24.30
490,Fransisco,Cawthron,fcawthrondl@comcast.net,Male,228.31.90.151
491,Delphine,Keddie,dkeddiedm@yolasite.com,Polygender,231.54.51.244
492,Flemming,Dickins,fdickinsdn@skype.com,Male,34.41.78.32
493,Sancho,Lanigan,slanigando@guardian.co.uk,Male,235.16.58.25
494,Roley,Swigg,rswiggdp@vistaprint.com,Male,116.38.38.209
495,Tadio,Fieldstone,tfieldstonedq@cnn.com,Male,79.22.111.121
496,Lefty,Hairs,lhairsdr@hostgator.com,Male,183.214.253.83
497,Haslett,Ponting,hpontingds@sina.com.cn,Male,151.185.155.32
498,Barnabe,Fernie,bferniedt@twitpic.com,Male,141.64.23.225
499,Iain,Grima,igrimadu@list-manage.com,Male,105.19.253.216
500,Gael,Rivelin,grivelindv@a8.net,Female,194.126.89.238
501,Dwight,Bome,dbomedw@jigsy.com,Male,202.113.227.136
502,Adamo,Ginie,aginiedx@amazon.co.jp,Male,41.2.237.251
503,Marlo,Schwant,mschwantdy@marketwatch.com,Male,125.183.50.160
504,Viole,Lind,vlinddz@nba.com,Genderqueer,216.143.192.157
505,Casandra,Bedinn,cbedinne0@amazon.co.uk,Female,127.140.226.236
506,Louisa,Bickley,lbickleye1@java.com,Female,34.124.52.147
507,Tamar,de'-Ancy Willis,tdeancywillise2@odnoklassniki.ru,Female,229.210.20.36
508,Benedict,Braizier,bbraiziere3@wsj.com,Male,141.252.97.46
509,Gregorio,Bednall,gbednalle4@cdbaby.com,Male,1.18.179.44
510,Konstantin,Gaul,kgaule5@answers.com,Male,201.240.134.148
511,Terry,Flecknell,tflecknelle6@netlog.com,Male,172.26.237.107
512,Amelita,Primmer,aprimmere7@myspace.com,Female,232.11.102.97
513,Kirby,Haughian,khaughiane8@shareasale.com,Genderfluid,78.130.223.230
514,Templeton,Sellens,tsellense9@yahoo.com,Male,54.25.98.68
515,Traver,Chinnery,tchinneryea@phoca.cz,Bigender,208.179.186.179
516,Mireille,Attoc,mattoceb@chronoengine.com,Female,49.206.209.141
517,Nellie,Ferrero,nferreroec@delicious.com,Female,130.242.26.146
518,Barnebas,Winslet,bwinsleted@123-reg.co.uk,Male,45.9.64.154
519,Brianna,Winspurr,bwinspurree@ow.ly,Female,174.240.167.12
520,Jule,Snoad,jsnoadef@wordpress.com,Male,44.31.217.227
521,Reggie,Restall,rrestalleg@g.co,Female,203.112.213.63
522,Winona,Rate,wrateeh@mashable.com,Female,196.206.15.157
523,Justino,Luthwood,jluthwoodei@g.co,Male,112.34.177.42
524,Chen,Treadgold,ctreadgoldej@bbb.org,Male,165.82.61.153
525,Tania,Lettington,tlettingtonek@360.cn,Female,97.31.119.20
526,Nathalia,Southworth,nsouthworthel@purevolume.com,Female,93.13.160.217
527,Angelle,Rockhall,arockhallem@hp.com,Female,61.28.85.70
528,Carlyn,Samuel,csamuelen@sfgate.com,Genderfluid,173.93.31.158
529,Feodor,Manueli,fmanuelieo@slashdot.org,Male,69.187.110.164
530,Sophia,Duffrie,sduffrieep@amazon.de,Female,46.218.195.182
531,Jaymee,Raine,jraineeq@tmall.com,Female,84.54.168.61
532,Merrilee,Auston,maustoner@sina.com.cn,Female,54.50.221.107
533,Averell,Lowes,aloweses@tmall.com,Male,226.39.114.1
534,Jefferson,Margrett,jmargrettet@mediafire.com,Male,29.152.25.50
535,Ewan,Roelofsen,eroelofseneu@fastcompany.com,Male,59.35.185.68
536,Homere,Ort,hortev@uol.com.br,Male,187.21.152.188
537,Claretta,Surgey,csurgeyew@ustream.tv,Female,103.148.95.171
538,Drusi,Chasemore,dchasemoreex@spiegel.de,Female,22.125.203.137
539,Essy,Fennelly,efennellyey@google.com.br,Polygender,119.189.157.108
540,Lazarus,Nuscha,lnuschaez@businessweek.com,Male,154.15.30.99
541,Ozzie,Shevlan,oshevlanf0@reuters.com,Genderfluid,171.49.49.103
542,Anjela,Dewett,adewettf1@nifty.com,Female,181.217.110.125
543,Valentina,Munroe,vmunroef2@google.co.uk,Female,51.192.185.137
544,Rick,Savine,rsavinef3@umich.edu,Male,112.128.4.225
545,Chris,Majury,cmajuryf4@apache.org,Male,4.35.100.81
546,Amalita,Danter,adanterf5@smh.com.au,Female,77.136.11.117
547,Helene,Hinkens,hhinkensf6@technorati.com,Female,30.151.28.232
548,Megen,Darrigrand,mdarrigrandf7@dailymail.co.uk,Female,250.4.40.153
549,Ham,Clute,hclutef8@webmd.com,Male,161.0.172.226
550,Bordie,Derks,bderksf9@desdev.cn,Male,86.166.38.99
551,Lucias,Snufflebottom,lsnufflebottomfa@sourceforge.net,Male,74.111.56.237
552,Neddie,Leinthall,nleinthallfb@irs.gov,Male,33.36.226.17
553,Sherm,Waltho,swalthofc@soup.io,Male,125.199.95.56
554,Lane,Velte,lveltefd@hibu.com,Male,26.132.36.94
555,Bennie,Moutray Read,bmoutrayreadfe@nature.com,Female,15.143.165.115
556,Rycca,Phythien,rphythienff@mashable.com,Agender,38.135.227.175
557,Laurena,Sones,lsonesfg@google.es,Female,137.98.171.168
558,Judye,Emons,jemonsfh@ifeng.com,Agender,101.138.222.137
559,Yves,Booy,ybooyfi@vkontakte.ru,Male,116.157.46.190
560,Cassondra,Mangeot,cmangeotfj@census.gov,Female,235.225.83.251
561,Yance,Hiseman,yhisemanfk@issuu.com,Male,119.221.11.204
562,Ailyn,Targett,atargettfl@smugmug.com,Female,28.174.97.173
563,Gavrielle,Folliott,gfolliottfm@delicious.com,Female,73.211.105.207
564,Del,Caddies,dcaddiesfn@stanford.edu,Male,204.115.206.160
565,Esme,Lyston,elystonfo@nasa.gov,Male,151.50.179.129
566,Davon,Vivian,dvivianfp@geocities.com,Male,18.104.180.192
567,Dave,Sager,dsagerfq@google.com.br,Male,171.44.171.140
568,Wally,Frampton,wframptonfr@nih.gov,Female,65.140.103.226
569,Lonna,Shevlin,lshevlinfs@shop-pro.jp,Female,235.220.249.222
570,Jelene,Munroe,jmunroeft@quantcast.com,Female,229.38.143.32
571,Kimball,Adenot,kadenotfu@infoseek.co.jp,Male,26.186.50.8
572,Sula,Lutton,sluttonfv@cornell.edu,Female,193.209.227.115
573,Rene,Bust,rbustfw@ow.ly,Male,104.91.107.107
574,Shae,Lorinez,slorinezfx@globo.com,Female,17.147.20.118
575,Annis,Caird,acairdfy@prlog.org,Polygender,240.78.240.19
576,Maynard,Drake,mdrakefz@zimbio.com,Male,199.154.85.142
577,Claybourne,Scrowton,cscrowtong0@economist.com,Genderfluid,169.123.235.138
578,Andrej,Vell,avellg1@weather.com,Polygender,112.133.190.168
579,Dexter,Cohane,dcohaneg2@walmart.com,Male,214.40.48.204
580,Cassie,Dowling,cdowlingg3@baidu.com,Male,145.228.3.121
581,Garrek,Warke,gwarkeg4@statcounter.com,Male,51.197.253.255
582,Lucien,Ardling,lardlingg5@redcross.org,Agender,113.57.58.102
583,Callie,Dewerson,cdewersong6@miitbeian.gov.cn,Female,118.180.133.32
584,Lew,Denington,ldeningtong7@msn.com,Male,160.200.236.218
585,Mersey,Renner,mrennerg8@etsy.com,Female,112.232.175.231
586,Lyndsay,Godden,lgoddeng9@feedburner.com,Female,76.173.78.222
587,Kaitlin,Draye,kdrayega@angelfire.com,Female,219.104.49.207
588,Emlyn,Campagne,ecampagnegb@ycombinator.com,Male,63.145.37.179
589,Blakelee,Rosenthal,brosenthalgc@google.co.jp,Female,97.100.39.220
590,Dalis,Sheehy,dsheehygd@answers.com,Male,216.71.61.197
591,Honoria,Steele,hsteelege@shareasale.com,Female,236.95.95.180
592,Tirrell,Petkens,tpetkensgf@posterous.com,Male,134.80.136.154
593,Karel,Oxbury,koxburygg@ycombinator.com,Male,37.172.72.133
594,Gayle,Armer,garmergh@digg.com,Female,107.254.13.126
595,Valentine,Parbrook,vparbrookgi@unblog.fr,Bigender,97.158.122.73
596,Trudi,Romaines,tromainesgj@mapy.cz,Female,35.82.10.169
597,Olav,Bartlet,obartletgk@admin.ch,Male,109.216.173.12
598,Boycey,Leachman,bleachmangl@disqus.com,Male,241.152.242.41
599,Maximilian,Butteris,mbutterisgm@jigsy.com,Male,207.227.82.238
600,Edik,Keford,ekefordgn@vistaprint.com,Male,7.179.19.134
601,Lilia,Graeser,lgraesergo@storify.com,Female,10.214.124.178
602,Sanson,Barks,sbarksgp@netvibes.com,Bigender,29.159.173.80
603,Afton,Cottill,acottillgq@vk.com,Female,146.54.66.92
604,Hamlen,Oguz,hoguzgr@indiatimes.com,Male,96.252.235.137
605,Edithe,Leasor,eleasorgs@usda.gov,Female,142.41.233.144
606,Whitney,Ovitz,wovitzgt@opera.com,Female,70.8.173.216
607,Robb,Reddick,rreddickgu@printfriendly.com,Male,138.197.21.11
608,Brittani,Proswell,bproswellgv@joomla.org,Female,11.75.37.33
609,Beverie,Godehard.sf,bgodehardsfgw@canalblog.com,Female,176.27.63.122
610,Karly,Chatt,kchattgx@archive.org,Female,6.132.176.107
611,Natale,Rocks,nrocksgy@marketwatch.com,Male,213.112.91.43
612,Marcelline,Risby,mrisbygz@patch.com,Female,7.61.128.13
613,Joan,Andraud,jandraudh0@utexas.edu,Female,112.152.31.28
614,Golda,Praill,gpraillh1@ovh.net,Female,218.142.254.2
615,Jo,Korbmaker,jkorbmakerh2@1688.com,Female,212.52.76.211
616,Zea,Sanford,zsanfordh3@canalblog.com,Female,236.125.76.221
617,Zacharia,Mary,zmaryh4@twitpic.com,Male,188.74.164.33
618,Tommie,Missen,tmissenh5@cnet.com,Female,140.160.221.129
619,Arnuad,Dallewater,adallewaterh6@deviantart.com,Male,66.37.76.161
620,Edvard,Itzchaki,eitzchakih7@reverbnation.com,Male,117.36.94.216
621,Cody,McRoberts,cmcrobertsh8@jiathis.com,Female,168.165.255.120
622,Constantina,Winslett,cwinsletth9@nhs.uk,Female,80.234.28.159
623,Jakie,Bernasek,jbernasekha@google.co.jp,Male,20.127.102.160
624,Ervin,Zisneros,ezisneroshb@yahoo.co.jp,Male,51.59.233.106
625,Scottie,Cullerne,scullernehc@chronoengine.com,Male,45.81.134.123
626,Sydney,Coulton,scoultonhd@jugem.jp,Female,79.206.209.45
627,Caz,Fausch,cfauschhe@is.gd,Male,232.201.67.157
628,Kai,Sharply,ksharplyhf@xinhuanet.com,Female,191.189.159.127
629,Grenville,Shatliffe,gshatliffehg@princeton.edu,Non-binary,65.201.59.114
630,Amery,Yankin,ayankinhh@infoseek.co.jp,Male,102.100.210.183
631,Otes,Flello,oflellohi@wordpress.org,Male,196.179.223.48
632,Avie,Shewsmith,ashewsmithhj@fema.gov,Female,58.205.84.147
633,Forester,Hackworthy,fhackworthyhk@ucsd.edu,Male,84.251.44.118
634,Ambrose,Davidsohn,adavidsohnhl@comcast.net,Male,219.1.177.40
635,Michaela,Streets,mstreetshm@scientificamerican.com,Female,19.72.15.237
636,Matt,Menere,mmenerehn@tuttocitta.it,Male,124.11.219.105
637,Lorrie,Roux,lrouxho@ihg.com,Male,223.27.8.25
638,Clarabelle,Blakeney,cblakeneyhp@about.com,Female,31.79.48.234
639,Bridgette,Rogers,brogershq@spotify.com,Female,100.67.214.132
640,Arlette,Hollingsby,ahollingsbyhr@house.gov,Female,197.43.130.186
641,Tamiko,Lober,tloberhs@pinterest.com,Female,81.132.77.171
642,Lorens,Willimont,lwillimontht@uol.com.br,Male,60.230.97.37
643,Armstrong,Milesap,amilesaphu@jimdo.com,Male,20.126.251.122
644,Opaline,Lagen,olagenhv@statcounter.com,Female,59.152.207.95
645,Jemima,Tippler,jtipplerhw@harvard.edu,Female,98.14.129.169
646,Enrico,Aleavy,ealeavyhx@biblegateway.com,Male,0.173.14.203
647,Grannie,Vanderplas,gvanderplashy@alexa.com,Male,110.131.156.175
648,Budd,Dundridge,bdundridgehz@bloglovin.com,Male,28.11.34.10
649,Mollie,Le Leu,mleleui0@istockphoto.com,Bigender,217.59.17.160
650,Hedi,Keeble,hkeeblei1@deliciousdays.com,Female,28.228.70.110
651,Melony,Mews,mmewsi2@whitehouse.gov,Female,147.178.164.20
652,Ethelred,Fegan,efegani3@merriam-webster.com,Male,14.254.172.142
653,Bobbie,Killingsworth,bkillingsworthi4@nhs.uk,Female,253.156.188.58
654,Lib,Rameau,lrameaui5@paypal.com,Female,192.98.91.173
655,Gwenny,Leachman,gleachmani6@economist.com,Female,87.112.194.28
656,Jephthah,Degoix,jdegoixi7@google.com.br,Male,36.107.181.233
657,Arlan,McNeely,amcneelyi8@discuz.net,Male,73.58.158.11
658,Donavon,MacWhirter,dmacwhirteri9@wordpress.org,Male,197.172.113.234
659,Berny,Broadstock,bbroadstockia@harvard.edu,Female,62.220.92.2
660,Doria,Hurford,dhurfordib@simplemachines.org,Female,15.190.71.208
661,Quintilla,Lathaye,qlathayeic@prweb.com,Female,46.156.124.179
662,Wilmette,Geany,wgeanyid@shareasale.com,Female,238.238.71.235
663,Tildie,Bubbear,tbubbearie@cisco.com,Female,164.154.108.157
664,Hendrik,Streets,hstreetsif@eventbrite.com,Male,68.26.247.242
665,Minna,Beeken,mbeekenig@nbcnews.com,Female,72.183.23.135
666,Harland,Twiddell,htwiddellih@github.io,Male,55.31.135.124
667,Marmaduke,Malyj,mmalyjii@github.io,Male,202.170.128.117
668,Carleton,Pryn,cprynij@seattletimes.com,Male,25.141.46.59
669,Pierette,Quickenden,pquickendenik@youku.com,Agender,125.59.80.180
670,Jens,Kerswell,jkerswellil@free.fr,Male,124.160.151.51
671,Lucine,Paybody,lpaybodyim@jimdo.com,Female,22.253.228.243
672,Marietta,Joao,mjoaoin@blogspot.com,Male,163.67.132.145
673,Jinny,Lucius,jluciusio@census.gov,Female,109.124.200.54
674,Brenna,Warde,bwardeip@mtv.com,Female,184.186.251.249
675,Reinwald,Jenicke,rjenickeiq@hud.gov,Male,53.63.149.34
676,Erik,Belasco,ebelascoir@constantcontact.com,Male,248.136.58.99
677,Herbie,Ambrose,hambroseis@wunderground.com,Male,12.3.199.176
678,Edita,Petracco,epetraccoit@bandcamp.com,Female,67.201.67.127
679,Skipp,Clarae,sclaraeiu@cmu.edu,Male,155.130.228.176
680,Hortense,Pelosi,hpelosiiv@dyndns.org,Female,110.184.37.118
681,Katherine,Rabb,krabbiw@edublogs.org,Female,178.33.232.29
682,Wilbert,Kristoffersson,wkristofferssonix@reddit.com,Male,146.228.133.152
683,Wilmer,Dayce,wdayceiy@indiegogo.com,Non-binary,86.222.18.118
684,Rodolfo,Sylett,rsylettiz@de.vu,Male,18.202.24.113
685,Adelle,Belhome,abelhomej0@webmd.com,Female,149.44.94.211
686,Salmon,Domaschke,sdomaschkej1@nsw.gov.au,Male,54.233.35.144
687,Ransell,Stoller,rstollerj2@sohu.com,Male,134.11.107.217
688,Jewelle,Loyley,jloyleyj3@pbs.org,Female,191.255.102.183
689,Garrot,Hamelyn,ghamelynj4@nationalgeographic.com,Male,143.74.197.115
690,Rosemaria,Polley,rpolleyj5@ocn.ne.jp,Female,76.90.116.115
691,Armstrong,Ferne,afernej6@google.ru,Male,17.141.163.221
692,Sibyl,Hamby,shambyj7@dot.gov,Genderfluid,118.211.12.209
693,Luigi,Gozard,lgozardj8@disqus.com,Male,194.198.123.94
694,Casi,Tremayne,ctremaynej9@live.com,Female,130.200.121.156
695,Ebenezer,Dell,edellja@tinypic.com,Male,8.55.201.8
696,Matias,Setterfield,msetterfieldjb@spotify.com,Male,49.160.253.63
697,Niel,Pasmore,npasmorejc@networksolutions.com,Male,35.112.65.13
698,Bay,Livingstone,blivingstonejd@who.int,Male,245.86.158.22
699,Janeen,Gerhardt,jgerhardtje@behance.net,Female,214.90.152.179
700,Miles,Harmstone,mharmstonejf@wikipedia.org,Male,252.19.163.206
701,Foss,Bees,fbeesjg@hexun.com,Male,131.88.134.0
702,Trudey,McGenis,tmcgenisjh@barnesandnoble.com,Female,13.13.135.146
703,Grenville,Lesley,glesleyji@dailymail.co.uk,Male,92.157.89.201
704,Vania,Booth-Jarvis,vboothjarvisjj@washington.edu,Female,125.241.75.180
705,Rosita,Culpen,rculpenjk@imdb.com,Female,5.167.237.116
706,Leese,Buckmaster,lbuckmasterjl@elpais.com,Female,35.90.224.112
707,Alfredo,Wellard,awellardjm@weather.com,Male,217.101.222.102
708,Britta,Mullinder,bmullinderjn@hao123.com,Female,25.22.123.254
709,Erika,Glanert,eglanertjo@addtoany.com,Female,209.12.252.233
710,Rickard,Fellowes,rfellowesjp@guardian.co.uk,Male,7.19.49.170
711,Ignazio,Allnatt,iallnattjq@goo.ne.jp,Male,135.156.45.160
712,Fabian,Lethieulier,flethieulierjr@squidoo.com,Male,30.4.74.7
713,Dorotea,Jovovic,djovovicjs@examiner.com,Female,240.114.241.50
714,Angelia,Vequaud,avequaudjt@accuweather.com,Female,229.56.205.60
715,Chelsey,Sedgwick,csedgwickju@oakley.com,Female,136.6.39.244
716,Wallache,Bergstram,wbergstramjv@comcast.net,Male,104.70.132.153
717,Ansell,Arlett,aarlettjw@taobao.com,Male,192.236.71.13
718,Tod,McCue,tmccuejx@spotify.com,Male,204.9.182.182
719,Denny,De Beauchemp,ddebeauchempjy@wsj.com,Female,33.157.49.74
720,Lowrance,Basile,lbasilejz@yahoo.com,Polygender,33.212.111.161
721,Milton,Roxburgh,mroxburghk0@smugmug.com,Male,103.163.80.118
722,Jonis,Gascone,jgasconek1@sciencedaily.com,Genderqueer,201.126.83.185
723,Shane,Keiling,skeilingk2@house.gov,Male,153.178.126.181
724,Arnoldo,Matteacci,amatteaccik3@wordpress.org,Male,138.246.32.155
725,Findley,Devonish,fdevonishk4@exblog.jp,Male,240.34.126.194
726,Neille,Turpey,nturpeyk5@pbs.org,Female,166.69.212.2
727,Fran,Toomey,ftoomeyk6@abc.net.au,Female,248.142.90.175
728,Gaelan,Oatley,goatleyk7@biglobe.ne.jp,Male,81.149.85.166
729,Morna,Brightling,mbrightlingk8@wordpress.org,Female,129.220.160.93
730,Kimbra,Mowsdell,kmowsdellk9@4shared.com,Female,98.143.230.40
731,Zeb,Ferrant,zferrantka@intel.com,Male,194.213.163.210
732,Ed,Keoghan,ekeoghankb@surveymonkey.com,Male,64.131.222.199
733,Dionis,Cadalleder,dcadallederkc@gizmodo.com,Polygender,41.106.48.129
734,Hyacinth,Midson,hmidsonkd@xinhuanet.com,Female,56.115.165.34
735,Adriaens,Cuerda,acuerdake@newsvine.com,Female,136.239.193.246
736,Jedd,Duckering,jduckeringkf@drupal.org,Male,231.73.141.227
737,Lorry,Arp,larpkg@umich.edu,Male,69.175.222.222
738,Lorry,Galer,lgalerkh@reuters.com,Male,120.116.97.6
739,Catrina,Ickovits,cickovitski@wordpress.org,Female,73.109.32.4
740,Darby,Acum,dacumkj@slate.com,Male,236.76.35.46
741,Conrado,Mariner,cmarinerkk@simplemachines.org,Male,198.209.78.111
742,Nari,Dinnage,ndinnagekl@nature.com,Female,236.42.80.180
743,Quinn,Greyes,qgreyeskm@amazon.co.jp,Male,59.65.2.140
744,Corri,Steddall,csteddallkn@wordpress.com,Female,218.200.139.10
745,Quinta,Mitchelmore,qmitchelmoreko@people.com.cn,Female,210.214.4.0
746,Byron,Bushel,bbushelkp@cpanel.net,Genderqueer,54.189.185.50
747,Dur,Wozencroft,dwozencroftkq@bravesites.com,Male,19.9.166.82
748,Amata,Lidgate,alidgatekr@aboutads.info,Female,105.217.87.222
749,Janie,Sommerlie,jsommerlieks@timesonline.co.uk,Female,45.3.215.89
750,Pamela,Munn,pmunnkt@ox.ac.uk,Female,238.32.148.226
751,Ryley,Daughtrey,rdaughtreyku@google.it,Male,111.10.115.206
752,Delano,Hatfull,dhatfullkv@buzzfeed.com,Male,196.101.8.151
753,Irvin,Bernade,ibernadekw@vistaprint.com,Male,87.255.113.58
754,Adelbert,Dietsche,adietschekx@ask.com,Male,58.3.14.37
755,Marie-ann,Pagelsen,mpagelsenky@baidu.com,Female,236.65.171.135
756,Brad,Fearfull,bfearfullkz@earthlink.net,Male,235.105.142.31
757,Milton,Dowrey,mdowreyl0@joomla.org,Male,219.251.245.79
758,Rosina,Smitham,rsmithaml1@senate.gov,Female,123.106.104.122
759,Matty,Kivlin,mkivlinl2@dion.ne.jp,Genderfluid,98.183.207.49
760,Haleigh,Philbrook,hphilbrookl3@fema.gov,Male,113.20.44.33
761,Vito,Kielty,vkieltyl4@istockphoto.com,Bigender,119.22.254.101
762,Markus,Speak,mspeakl5@ucla.edu,Male,170.83.145.225
763,Harley,Biskupiak,hbiskupiakl6@miibeian.gov.cn,Female,243.95.239.196
764,Orelia,Vsanelli,ovsanellil7@wix.com,Female,111.197.49.72
765,Roch,Abrehart,rabrehartl8@chron.com,Female,126.62.52.111
766,Neall,Grunnill,ngrunnilll9@prnewswire.com,Male,249.14.134.193
767,Marmaduke,Hulse,mhulsela@wikimedia.org,Male,0.98.101.105
768,Charlotta,Shakesby,cshakesbylb@lycos.com,Female,23.14.48.218
769,Harold,Choupin,hchoupinlc@alibaba.com,Male,178.226.124.23
770,Cosmo,Trattles,ctrattlesld@ca.gov,Male,236.82.195.127
771,Carena,Berthot,cberthotle@wired.com,Female,198.85.51.2
772,Roderigo,Farrall,rfarralllf@twitpic.com,Male,137.104.110.154
773,Hersh,Taylot,htaylotlg@omniture.com,Male,88.158.213.2
774,Roy,Weir,rweirlh@godaddy.com,Male,154.127.205.101
775,Gillan,McBlain,gmcblainli@ihg.com,Female,41.18.104.144
776,Moyna,Moen,mmoenlj@skype.com,Female,117.116.66.170
777,Alec,Pimblett,apimblettlk@mozilla.com,Male,88.43.212.31
778,Raven,Scammonden,rscammondenll@domainmarket.com,Female,209.8.75.227
779,Suzette,Hoff,shofflm@technorati.com,Female,235.3.182.79
780,Mil,Yair,myairln@princeton.edu,Genderfluid,80.70.221.3
781,Blythe,Mcsarry,bmcsarrylo@nytimes.com,Female,226.219.121.76
782,Bobinette,Gaddes,bgaddeslp@dion.ne.jp,Female,90.163.40.230
783,Price,Adnams,padnamslq@gravatar.com,Male,12.15.204.184
784,Justina,Feuell,jfeuelllr@buzzfeed.com,Female,150.212.38.221
785,Christean,Gerritzen,cgerritzenls@hc360.com,Female,55.86.248.196
786,Tonie,Sennett,tsennettlt@craigslist.org,Female,172.196.95.68
787,Haleigh,Ecclestone,hecclestonelu@blogtalkradio.com,Male,116.161.223.186
788,Celine,Stillert,cstillertlv@soup.io,Female,59.87.18.111
789,Tamera,Meece,tmeecelw@dot.gov,Female,97.70.158.170
790,Erin,Giuron,egiuronlx@dmoz.org,Male,199.250.145.183
791,Cloris,Weavers,cweaversly@amazon.de,Female,182.126.246.117
792,Petr,Rowlings,prowlingslz@shop-pro.jp,Male,187.244.224.240
793,Joshia,Luto,jlutom0@shareasale.com,Male,212.128.229.115
794,Arne,Auld,aauldm1@arstechnica.com,Male,186.66.162.227
795,Tobit,Lackie,tlackiem2@edublogs.org,Male,84.151.5.80
796,Bernardina,Plevin,bplevinm3@g.co,Female,93.21.92.227
797,Coral,Botterman,cbottermanm4@who.int,Female,151.0.88.167
798,Tulley,Ceillier,tceillierm5@godaddy.com,Male,49.133.98.132
799,Xever,Galler,xgallerm6@plala.or.jp,Male,52.2.186.176
800,Bren,Willimott,bwillimottm7@msn.com,Female,193.202.109.175
801,Mirilla,Habeshaw,mhabeshawm8@bloomberg.com,Female,29.12.165.77
802,Brannon,Bramford,bbramfordm9@army.mil,Male,121.238.50.241
803,Travus,McLanaghan,tmclanaghanma@sourceforge.net,Male,143.90.1.115
804,Lyman,Pagden,lpagdenmb@flickr.com,Male,97.162.6.68
805,Engelbert,Fost,efostmc@themeforest.net,Male,59.184.204.229
806,Hillary,Kirwin,hkirwinmd@photobucket.com,Female,21.65.145.12
807,Eal,Fairlam,efairlamme@sitemeter.com,Male,17.177.165.175
808,Osbert,Poynor,opoynormf@ocn.ne.jp,Male,138.232.164.58
809,Leonhard,Wisson,lwissonmg@usatoday.com,Male,84.45.82.49
810,Berny,Colbertson,bcolbertsonmh@technorati.com,Male,245.202.122.116
811,Karim,BoHlingolsen,kbohlingolsenmi@clickbank.net,Male,68.100.133.75
812,Giuseppe,Passler,gpasslermj@odnoklassniki.ru,Male,84.34.113.10
813,Bryant,Belloch,bbellochmk@tmall.com,Male,251.235.134.25
814,Sephira,Matteo,smatteoml@wikipedia.org,Female,215.47.122.33
815,Justine,Baltzar,jbaltzarmm@economist.com,Female,65.95.114.68
816,Caz,Gansbuhler,cgansbuhlermn@paginegialle.it,Male,179.151.11.173
817,Rickert,Andreou,randreoumo@ucoz.ru,Male,93.30.130.246
818,Morgen,Uman,mumanmp@omniture.com,Female,210.66.68.94
819,Charmian,Mathy,cmathymq@photobucket.com,Female,252.33.69.49
820,Blondelle,Romanelli,bromanellimr@skype.com,Female,148.83.215.158
821,Gareth,Swansborough,gswansboroughms@360.cn,Male,146.158.218.67
822,Arte,Milbourn,amilbournmt@time.com,Male,151.7.61.181
823,Arley,Quimby,aquimbymu@google.fr,Male,73.167.145.39
824,Arlin,Eustis,aeustismv@acquirethisname.com,Male,237.61.195.71
825,Tracey,Hailston,thailstonmw@homestead.com,Male,231.20.186.235
826,Conroy,Petrazzi,cpetrazzimx@adobe.com,Male,97.232.199.233
827,Hubey,Devas,hdevasmy@washington.edu,Male,202.192.11.210
828,Julina,Litchmore,jlitchmoremz@deliciousdays.com,Genderfluid,26.108.147.237
829,Lion,Bartoleyn,lbartoleynn0@alibaba.com,Male,65.209.16.85
830,Sean,Glasbey,sglasbeyn1@artisteer.com,Bigender,48.198.179.126
831,Lisbeth,Papes,lpapesn2@yellowpages.com,Female,160.39.177.24
832,Ellary,Leman,elemann3@bluehost.com,Male,253.228.110.214
833,Laryssa,Backwell,lbackwelln4@sogou.com,Female,78.230.208.190
834,Clarinda,Pakes,cpakesn5@wordpress.org,Female,222.158.122.202
835,Orazio,Stannering,ostanneringn6@shop-pro.jp,Male,155.133.95.78
836,Basia,Taberner,btabernern7@wiley.com,Female,140.175.217.14
837,Evania,Balaizot,ebalaizotn8@psu.edu,Female,130.255.91.124
838,Kennett,Bess,kbessn9@java.com,Male,121.109.200.137
839,Tova,Halesworth,thalesworthna@elpais.com,Polygender,227.237.99.131
840,Merill,Dudson,mdudsonnb@dmoz.org,Male,181.79.159.55
841,Haskell,Janota,hjanotanc@blinklist.com,Male,111.221.233.114
842,Bowie,Venditti,bvendittind@apple.com,Male,175.167.205.77
843,Gina,Denington,gdeningtonne@ox.ac.uk,Female,5.29.150.203
844,Nevin,Sunners,nsunnersnf@lulu.com,Male,180.214.128.237
845,Ange,Couth,acouthng@usnews.com,Male,45.197.145.233
846,Deeanne,Dady,ddadynh@ycombinator.com,Female,246.253.14.42
847,Alick,Carwithen,acarwithenni@cdbaby.com,Male,213.201.21.72
848,Justin,Glowacki,jglowackinj@alexa.com,Male,134.144.40.213
849,Kermie,Fearnyough,kfearnyoughnk@nyu.edu,Male,120.94.55.87
850,Onfre,Prando,oprandonl@nyu.edu,Male,244.30.195.147
851,Suzie,Kempshall,skempshallnm@springer.com,Female,173.86.38.237
852,Corette,Thalmann,cthalmannnn@bbb.org,Non-binary,244.170.127.17
853,Berny,Kirkland,bkirklandno@mapquest.com,Female,176.165.200.243
854,Riane,O' Neligan,roneligannp@chron.com,Female,112.255.224.164
855,Suzette,Espy,sespynq@rediff.com,Female,47.30.220.227
856,Claudie,Belhomme,cbelhommenr@salon.com,Female,205.7.215.85
857,Baily,Madre,bmadrens@desdev.cn,Male,163.211.29.197
858,Lloyd,Brunning,lbrunningnt@hatena.ne.jp,Male,241.51.91.191
859,Benson,Coldbath,bcoldbathnu@jigsy.com,Male,117.22.63.239
860,Pip,Croyser,pcroysernv@businessinsider.com,Male,244.133.60.54
861,Pearce,Oene,poenenw@ox.ac.uk,Male,209.59.229.135
862,Noak,Kybert,nkybertnx@tripadvisor.com,Male,242.45.16.129
863,Constantino,Beyn,cbeynny@constantcontact.com,Male,249.220.170.161
864,Kingsly,Dibdall,kdibdallnz@archive.org,Male,74.35.91.220
865,Janet,Bottrell,jbottrello0@pen.io,Female,20.116.123.234
866,Letty,Kilroy,lkilroyo1@wired.com,Female,170.5.82.188
867,Lana,Bowdidge,lbowdidgeo2@mysql.com,Female,176.133.138.204
868,Mycah,Rymell,mrymello3@issuu.com,Male,158.82.117.231
869,Dorree,Crass,dcrasso4@mysql.com,Female,111.153.242.251
870,Alyssa,Esposita,aespositao5@artisteer.com,Female,68.236.122.60
871,Bradly,Espadate,bespadateo6@123-reg.co.uk,Male,49.85.166.172
872,Max,Gush,mgusho7@xrea.com,Male,155.15.183.242
873,Gertrude,Enrich,genricho8@mlb.com,Female,168.21.215.126
874,Dona,Nutty,dnuttyo9@cam.ac.uk,Bigender,7.94.125.50
875,Guntar,Fleckness,gflecknessoa@google.co.jp,Male,31.22.218.90
876,Daphna,Casini,dcasiniob@fotki.com,Female,53.133.154.154
877,Garrett,Kerr,gkerroc@behance.net,Male,132.232.108.217
878,Jere,Osgardby,josgardbyod@exblog.jp,Male,248.171.68.61
879,Connor,Budd,cbuddoe@xinhuanet.com,Male,25.209.111.54
880,Francis,Witham,fwithamof@bigcartel.com,Male,152.1.22.54
881,Darrick,Slowcock,dslowcockog@homestead.com,Male,35.77.83.108
882,Kasper,Rothon,krothonoh@cafepress.com,Male,198.221.188.51
883,Roxie,Macer,rmaceroi@vimeo.com,Female,103.231.32.167
884,Gail,Rhys,grhysoj@scientificamerican.com,Male,190.162.93.199
885,Rivi,Cayford,rcayfordok@sciencedirect.com,Female,76.88.238.107
886,Heather,Deverill,hdeverillol@jigsy.com,Female,41.235.245.114
887,Karlik,Stotherfield,kstotherfieldom@opera.com,Male,95.159.250.134
888,Hanson,Marieton,hmarietonon@skype.com,Male,68.18.66.122
889,Neils,Chuney,nchuneyoo@ed.gov,Male,15.80.74.245
890,Caye,Jeavon,cjeavonop@opera.com,Female,234.79.210.115
891,Tasia,Trytsman,ttrytsmanoq@ftc.gov,Female,251.34.13.32
892,Lelia,Ledford,lledfordor@dailymotion.com,Female,96.154.197.121
893,Conny,Laidlow,claidlowos@blogger.com,Female,105.42.253.216
894,Darcy,Bellenie,dbellenieot@utexas.edu,Male,121.221.33.141
895,Jerri,Bowfin,jbowfinou@marketwatch.com,Male,102.21.156.1
896,Omero,Ozelton,oozeltonov@canalblog.com,Male,121.23.152.117
897,Viole,des Remedios,vdesremediosow@intel.com,Female,199.73.121.126
898,Jenica,Waltho,jwalthoox@free.fr,Female,182.200.53.124
899,Malissa,Brampton,mbramptonoy@scribd.com,Female,18.254.107.39
900,Lonni,Clemmow,lclemmowoz@freewebs.com,Female,227.78.38.183
901,Amalea,Robertsen,arobertsenp0@w3.org,Female,221.64.117.188
902,Mikol,Jakeway,mjakewayp1@ox.ac.uk,Male,48.89.215.189
903,Felic,Cracknell,fcracknellp2@theguardian.com,Male,148.25.139.227
904,Donavon,Varley,dvarleyp3@gmpg.org,Male,154.224.29.54
905,Alisander,Slaght,aslaghtp4@eventbrite.com,Male,109.21.201.20
906,Madelon,Stowe,mstowep5@newyorker.com,Female,237.227.171.56
907,Gertie,McCambrois,gmccambroisp6@baidu.com,Female,11.71.35.194
908,Sindee,Rennicks,srennicksp7@jimdo.com,Female,197.131.179.209
909,Marcella,D'Onisi,mdonisip8@nhs.uk,Female,218.145.152.45
910,Tully,Kellie,tkelliep9@google.ru,Male,82.32.255.60
911,Lonee,Blount,lblountpa@yelp.com,Female,14.51.111.99
912,Niles,Algeo,nalgeopb@narod.ru,Male,198.90.61.112
913,Curr,Greim,cgreimpc@google.de,Male,26.146.243.182
914,Bendicty,Gilbeart,bgilbeartpd@businessinsider.com,Male,179.21.132.72
915,Harmony,Alen,halenpe@addtoany.com,Female,198.125.91.202
916,Joletta,Stuttman,jstuttmanpf@sourceforge.net,Female,81.58.52.203
917,Matthieu,Outlaw,moutlawpg@sfgate.com,Male,104.31.84.13
918,Ari,Veasey,aveaseyph@examiner.com,Male,158.52.84.173
919,Ham,Lambourne,hlambournepi@google.com,Male,248.170.162.71
920,Obediah,Andrichuk,oandrichukpj@1688.com,Male,200.120.162.147
921,Mireille,Strond,mstrondpk@cloudflare.com,Female,139.172.243.109
922,Roxine,Rubertis,rrubertispl@globo.com,Female,234.176.113.167
923,Fancie,Gardner,fgardnerpm@omniture.com,Female,212.176.126.250
924,Eldin,Bee,ebeepn@meetup.com,Male,232.32.3.224
925,Britte,Plastow,bplastowpo@blinklist.com,Female,227.191.169.249
926,Stan,Glentworth,sglentworthpp@vk.com,Male,193.244.252.138
927,Florina,Tomanek,ftomanekpq@booking.com,Female,221.36.18.132
928,Auberta,Hansemann,ahansemannpr@digg.com,Female,123.191.178.66
929,Marylinda,Attrie,mattrieps@sbwire.com,Agender,156.142.57.95
930,Marlon,Board,mboardpt@godaddy.com,Male,179.48.226.131
931,Norbie,Richley,nrichleypu@hostgator.com,Male,171.31.86.14
932,Gretna,Joannidi,gjoannidipv@ycombinator.com,Female,77.40.200.183
933,Bone,Kelston,bkelstonpw@hugedomains.com,Male,195.250.27.86
934,Haley,Canti,hcantipx@google.fr,Female,233.85.30.26
935,Kippie,Syder,ksyderpy@addthis.com,Male,214.105.171.61
936,Gwendolyn,O'Nions,gonionspz@deliciousdays.com,Female,19.115.81.27
937,Sid,Bon,sbonq0@house.gov,Male,166.12.220.165
938,Fee,Scott,fscottq1@latimes.com,Male,149.23.228.98
939,Andrei,Benettelli,abenettelliq2@moonfruit.com,Female,245.178.145.16
940,Hy,Molan,hmolanq3@plala.or.jp,Male,97.56.66.101
941,Burch,Pittway,bpittwayq4@illinois.edu,Male,11.38.175.197
942,Juliana,Perri,jperriq5@paypal.com,Female,150.34.165.108
943,Ynez,Pilcher,ypilcherq6@eepurl.com,Female,210.171.3.184
944,Verene,McIsaac,vmcisaacq7@ycombinator.com,Female,74.105.22.4
945,Muhammad,Poynser,mpoynserq8@cbc.ca,Male,254.167.79.243
946,Kalina,Sandeson,ksandesonq9@geocities.jp,Female,68.98.254.124
947,Sherill,Dust,sdustqa@wiley.com,Female,180.106.9.208
948,Olin,Algar,oalgarqb@diigo.com,Non-binary,225.53.244.79
949,Renato,Crellim,rcrellimqc@scientificamerican.com,Male,6.206.1.148
950,Armstrong,Brinson,abrinsonqd@sphinn.com,Male,13.152.58.225
951,Emmalyn,Trousdell,etrousdellqe@alibaba.com,Female,20.145.78.142
952,Tobit,Canedo,tcanedoqf@instagram.com,Male,91.63.224.71
953,Audre,Sketcher,asketcherqg@ameblo.jp,Female,201.223.106.214
954,Myrlene,Benoit,mbenoitqh@godaddy.com,Female,134.114.129.150
955,Shirley,De Lasci,sdelasciqi@nydailynews.com,Female,101.80.218.246
956,Eldredge,Jordanson,ejordansonqj@yolasite.com,Male,245.62.198.160
957,Clyde,Deyenhardt,cdeyenhardtqk@opensource.org,Male,76.154.230.0
958,Stanton,Raigatt,sraigattql@washington.edu,Male,168.63.149.120
959,Jackie,Askaw,jaskawqm@cornell.edu,Female,77.65.163.71
960,Huberto,Oakey,hoakeyqn@123-reg.co.uk,Male,18.72.119.214
961,Shena,Stubbley,sstubbleyqo@infoseek.co.jp,Female,112.234.12.46
962,Irene,Synan,isynanqp@mayoclinic.com,Female,97.108.192.149
963,Salomi,Damerell,sdamerellqq@amazonaws.com,Polygender,201.87.211.112
964,Inigo,Godard,igodardqr@china.com.cn,Male,157.31.21.75
965,Dino,Stare,dstareqs@wufoo.com,Male,223.9.157.5
966,Heath,Heisman,hheismanqt@pinterest.com,Male,173.37.238.156
967,Jessey,Shea,jsheaqu@eventbrite.com,Male,7.193.65.76
968,Sutherlan,Rattrie,srattrieqv@abc.net.au,Male,56.148.80.86
969,Charlot,Norssister,cnorssisterqw@google.cn,Female,131.40.146.99
970,Selene,Whilde,swhildeqx@unc.edu,Female,224.238.16.115
971,Woody,Levy,wlevyqy@globo.com,Genderfluid,147.218.123.238
972,Madlen,Seally,mseallyqz@huffingtonpost.com,Agender,125.59.80.98
973,Issiah,Cookman,icookmanr0@wisc.edu,Male,104.99.173.107
974,Harriot,MacFadyen,hmacfadyenr1@cnn.com,Female,21.109.56.17
975,Lynn,Dykas,ldykasr2@ox.ac.uk,Female,127.42.71.155
976,Annette,Macias,amaciasr3@house.gov,Female,251.226.176.221
977,Sergeant,Hexter,shexterr4@posterous.com,Male,99.194.59.164
978,Jeffie,Meeke,jmeeker5@cam.ac.uk,Male,114.66.223.223
979,Al,McDermot,amcdermotr6@unc.edu,Male,44.102.80.160
980,Philippa,Lamanby,plamanbyr7@themeforest.net,Female,252.89.73.120
981,Adaline,Lyle,alyler8@gravatar.com,Female,90.158.45.204
982,Grata,Grzesiak,ggrzesiakr9@smh.com.au,Female,179.241.49.145
983,Cherrita,Bradane,cbradanera@studiopress.com,Female,5.223.10.8
984,Abbe,Chetter,achetterrb@cam.ac.uk,Male,74.106.209.44
985,Malina,Nisot,mnisotrc@shinystat.com,Female,167.247.64.127
986,Becki,Coultard,bcoultardrd@moonfruit.com,Female,113.174.57.102
987,Lorilyn,McGrouther,lmcgroutherre@psu.edu,Bigender,152.215.21.150
988,Libbie,Mussington,lmussingtonrf@vkontakte.ru,Female,4.72.118.55
989,Melody,Bauldry,mbauldryrg@cam.ac.uk,Female,74.81.4.16
990,Reece,Wims,rwimsrh@imgur.com,Male,173.166.231.101
991,Demetris,Nolleth,dnollethri@miibeian.gov.cn,Male,183.60.162.148
992,Evey,Dumke,edumkerj@soundcloud.com,Female,225.96.144.255
993,Dana,Gilman,dgilmanrk@comcast.net,Female,18.116.94.109
994,Dewie,Gianiello,dgianiellorl@pinterest.com,Male,170.51.185.157
995,Harriett,Jeffers,hjeffersrm@delicious.com,Female,176.35.198.20
996,Jewelle,Hazelgrove,jhazelgrovern@usgs.gov,Female,191.215.87.46
997,Elnore,Howie,ehowiero@flavors.me,Polygender,60.50.23.49
998,Isahella,Booley,ibooleyrp@mlb.com,Female,113.21.191.214
999,Howie,Guillotin,hguillotinrq@miitbeian.gov.cn,Male,148.185.253.107
1000,Winonah,Szanto,wszantorr@stumbleupon.com,Female,129.204.154.137
